[  
{    
    "id":"1",
    "name": "LIAISON® XS",    
    "category": "immunology",    
    "image": "media/products/liaison_xs.png",  
    "manufacturer":"Diasorin",
    "readMoreLink":"https://www.diasorin.com/en/immunodiagnostic-solutions/systems/clia-systems/liaison-xs",  
    "downloadLink":"https://www.diasorin.com/sites/default/files/allegati/corp-other-005048_1_liaisonr_xs_system_brochure_low_res.pdf",
    "description": "LIAISON® XS, a single system completely automated with efficient design and reduced dimensions, will provide the difference offering a new level of reliability and higher performance in results quality and workflow efficiency and optimization.<br><a href='documents/liaison_xs_assay_menu_.pdf'>Liason XS menu</a><br><a href='documents/Liaison XS - QuantiFERON TB Brochure.pdf'>Liaison XS - QuantiFERON TB Brochure</a>" 
 },
 {    
    "id":"2",
    "name": "LIAISON® XL",    
    "category": "immunology",    
    "image": "media/products/liaison-xl.jpg",  
    "manufacturer":"diasorin",
    "readMoreLink":"https://www.diasorin.com/en/immunodiagnostic-solutions/systems/clia-systems/liaisonr-xl",  
    "downloadLink":"documents/liaisonr_xl_brochure_m0870004248g_lr.pdf",
    "description": "LIAISON XL is a fully automated chemiluminescence analyzer, performing complete sample processing (sample pre-dilutions, sample and reagent dispensing, incubations, wash processes, etc.) as well as measurement and evaluation." 
 },
 {    
    "id":"3",
    "name": "LIAISON®",    
    "category": "immunology",    
    "image": "media/products/liaison-analyser.jpg",  
    "manufacturer":"Diasorin",
    "readMoreLink":"https://www.diasorin.com/en/immunodiagnostic-solutions/systems/clia-systems/liaisonr",  
    "downloadLink":"https://www.diasorin.com/sites/default/files/allegati/ese_brochure_liaison_m0870004124_07.19_pag_sing_0.pdf",
    "description": "The LIAISON analyzer combines a flexible operating module with a broad menu of assays and leads to high efficiency due to its long walk-away time. The possibility to run up to 15 different assays at a time provides rational everyday testing even with a small number of sample" 
 },
 {    
   "id":"41",
   "name": "Etimax 300",    
   "category": "elisaEquipment",    
   "image": "media/products/eti-max.jpg",  
   "manufacturer":"Diasorin",
   "readMoreLink":"https://www.diasorin.com/en/immunodiagnostic-solutions/systems/elisa-systems/eti-max-3000",  
   "downloadLink":"https://www.diasorin.com/sites/default/files/allegati/corp-other-005042_1_eti-max_3000_brochure_low_res.pdf",
   "description": "The Etimax 3000 is a fully automated microtiter plate analyzer performing the complete sample processing (sample pre-dilutions, sample and reagent dispensing, incubations, wash processes, plate transports) as well as the photometric measurement and evaluation." 
},
 {   
    "id":"4",
    "name": "ELISA reader",    
    "category": "elisaEquipment",    
    "image": "media/products/elisaStripReader.jpg",  
    "manufacturer":"DAS",
    "readMoreLink":"https://www.dasitaly.com/en/products/?prod_name=reader",  
    "downloadLink":"https://dasitaly.com/wp-content/uploads/2019/11/Brochure-Stand-Alone_NEW.pdf",
    "description": "PLATE READER is an eight channel photometer for sequential and simultaneous reading of micro-plate strips with 96 wells. Designed according to the most sophisticated technologies it turns out to be of top quality and reliability, as well as of high precision and simple to use.STRIP READER is an one channel photometer able to read strips with 8/12 wells or part of them. Mono and bi-chromatic reading system. Designed according to the most sophisticated technologies it turns out to be of top quality and reliability, as well as high precision." 
 },
 {   
    "id":"5",
    "name": "ELISA washer",    
    "category": "elisaEquipment",    
    "image": "media/products/elisaWasher.jpg",  
    "manufacturer":"DAS",
    "readMoreLink":"https://www.dasitaly.com/en/data_plate-washer/",  
    "downloadLink":"https://dasitaly.com/wp-content/uploads/2019/11/Brochure-Stand-Alone_NEW.pdf",
    "description": "Plate washer is an automated washer for micro-plates with 96 wells. Original and versatile aspirate and dispense system: less than 3 µl of residue washing liquid. The software powerful and versatile, is able to manage and memorize as much as 100 washing programs. Programmable incubation capability. In combination with the Plate Reader it turns out to be a complete work station for the washing and reading of ELISA tests. The software allows the operator to execute any washing cycle; parameters setting through keyboard and display." 
 },
 {   
   "id":"6",
   "name": "HemoCue® HbA1c 501",    
   "category": "pointOfCare",    
   "image": "media/products/HbA1c500.png",  
   "manufacturer":"HemoCue® ",
   "readMoreLink":"https://www.hemocue.com/en/solutions/diabetes/hemocue-hba1c-501-system",  
   "downloadLink":"",
   "description": "It is used for early detection of microalbuminuria and ideal within diabetes are and hypertension treatment." 
},
{   
   "id":"7",
   "name": "HemoCue® Glucose 201+ System",    
   "category": "pointOfCare",    
   "image": "media/products/glucose201+.png",  
   "manufacturer":"HemoCue®",
   "readMoreLink":"https://www.hemocue.com/en/solutions/diabetes/hemocue-glucose-201plus-system",  
   "downloadLink":"",
   "description": "It measures blood glucose levels in the diabetes management. The unique microcuvette technology gives high accuracy and reduces contamination risks" 
},
{   
   "id":"8",
   "name": "HemoCue® Glucose 201 RT System",    
   "category": "pointOfCare",    
   "image": "",  
   "manufacturer":"HemoCue®",
   "readMoreLink":"https://www.hemocue.com/en/solutions/diabetes/hemocue-glucose-201-rt-system",  
   "downloadLink":"",
   "description": "It is portable and a battery-operated system with room temperature microcuvette storage." 
},
{   
   "id":"9",
   "name": "HemoCue® Glucose 201 DM System",    
   "category": "pointOfCare",    
   "image": "media/products/glucose201DM.png",  
   "manufacturer":"HemoCue®",
   "readMoreLink":"",  
   "downloadLink":"https://www.hemocue.com/en/solutions/diabetes/hemocue-glucose-201-dm-system",
   "description": "It measures blood glucose levels in the diabetes management. With data management you gain higher efficiency and optimized workflow" 
},
{   
   "id":"10",
   "name": "HemoCue® Glucose 201 DM RT System",    
   "category": "pointOfCare",    
   "image": "media/products/glucoseDM-RT.png",  
   "manufacturer":"HemoCue®",
   "readMoreLink":"https://www.hemocue.com/en/solutions/diabetes/hemocue-glucose-201-dm-rt-system",  
   "downloadLink":"",
   "description": "It is portable and a battery-operated system with room temperature microcuvette storage." 
},
{   
   "id":"11",
   "name": "HemoCue® Albumin 201 System",    
   "category": "pointOfCare",    
   "image": "media/products/albumin201.png",  
   "manufacturer":"HemoCue®",
   "readMoreLink":"https://www.hemocue.com/en/solutions/diabetes/hemocue-albumin-201-system",  
   "downloadLink":"",
   "description": "It is used for early detection of microalbuminuria and ideal within diabetes are and hypertension treatment." 
},
 {   
    "id":"12",
    "name": "Blood Pressure Monitor (Arm)-HBP-1520",    
    "category": "pointOfCare",    
    "image": "media/products/armBloodPressureMonitor.png",  
    "manufacturer":"Hubdic",
    "readMoreLink":"http://www.hubdic.com/product/?mod=document&pageid=1&kboard_search_option%5Btree_category_1%5D%5Bkey%5D=tree_category_1&kboard_search_option%5Btree_category_1%5D%5Bvalue%5D=Blood+Pressure+Monitor&uid=136",  
    "downloadLink":"",
    "description": "Blood pressure monitors advance accuracy with smart pulse technology,arrhythmia detection,pulse rate,systolic & diastolic blood pressure, Inflating detection, 250 records" 
 },
 {   
    "id":"13",
    "name": "Blood Pressure Monitor (Wrist)-HBP-700",    
    "category": "pointOfCare",    
    "image": "media/products/wristPressureMonitor.png",  
    "manufacturer":"Hubdic",
    "readMoreLink":"http://www.hubdic.com/product/?mod=document&pageid=1&kboard_search_option%5Btree_category_1%5D%5Bkey%5D=tree_category_1&kboard_search_option%5Btree_category_1%5D%5Bvalue%5D=Blood+Pressure+Monitor&uid=137",  
    "downloadLink":"",
    "description": "Blood pressure monitors: 3rd technology: Measuring during inflation, systolic and diastolic blood pressure, pulse rate, Inlating detection, 60 records and a rechargeble battery" 
 },
 {   
   "id":"14",
   "name": "HemoCue® Hb 301 System",    
   "category": "pointOfCare",    
   "image": "media/products/hemocuehb301.png",  
   "manufacturer":"HemoCue® ",
   "readMoreLink":"https://www.hemocue.com/en/solutions/hematology/hemocue-hb-301-system",  
   "downloadLink":"",
   "description": "Optimized for anemia screening in primary care and blood donation settings, the HemoCue Hb 301 System is a simple and convenient solution. The HemoCue Hb 301 System provides quick, easy access to lab-quality results without compromising accuracy, even in demanding climates with high temperatures and humidity." 
},
{   
   "id":"90",
   "name": "HemoCue® Hb 801",    
   "category": "pointOfCare",    
   "image": "media/products/hb801.gif",  
   "manufacturer":"HemoCue® ",
   "readMoreLink":"https://www.hemocue.com/en/solutions/hematology/hemocue-hb-801-system",  
   "downloadLink":"",
   "description": "inovation at its best Hb 801 provides ease of use and enables workflow efficienvy and connectivity capabilities delivering fast results at the time of care" 
},
{   
   "id":"911",
   "name": "HemoCue® WBC DIFF System",    
   "category": "pointOfCare",    
   "image": "media/products/hemocue-wbc-diff.png",  
   "manufacturer":"HemoCue® ",
   "readMoreLink":"https://www.hemocue.com/en/solutions/hematology/hemocue-wbc-diff-system",  
   "downloadLink":"",
   "description": "The HemoCue WBC DIFF System gives you access to white blood cell count while your patient is still in the exam room. That makes it possible to completely shift the way you work — not only enabling faster care, but also saving valuable time and money with a more streamlined workflow.<br>With groundbreaking technology, the HemoCue WBC DIFF System makes it possible to get not only lab-accurate total white blood cell (WBC) count but also five-part differentials at the point of care. In just five minutes, you have accurate counts for neutrophils, lymphocytes, monocytes, eosinophils and basophils." 
},
{   
   "id":"92",
   "name": "HemoCue® Control",    
   "category": "pointOfCare",    
   "image": "media/products/hemocue-control.jpg",  
   "manufacturer":"HemoCue® ",
   "readMoreLink":"https://www.hemocue.com/en/solutions/accessories-and-consumables/control-materials",  
   "downloadLink":"",
   "description": "Eurotrol Quality Controls are recommended by HemoCue." 
},{   
   "id":"93",
   "name": "HemoCue® Cleaner",    
   "category": "pointOfCare",    
   "image": "media/products/hemocuecleaner.png",  
   "manufacturer":"HemoCue® ",
   "readMoreLink":"https://www.hemocue.com/en/solutions/accessories-and-consumables/hemocue-cleaner",  
   "downloadLink":"",
   "description": "The HemoCue® Cleaner is useful for cleaning the optronic unit of several HemoCue point-of-care analyzers.<br>The HemoCue® Cleaner is made of a lint and fiber free material that is highly absorbent and moistened with a cleaning solution. It will therefore effectively clean the optical lens by absorbing the blood without smearing it. The HemoCue Cleaner is suitable for cleaning several HemoCue analyzers, examples are listed below. Refer to relevant Operating Manual before use." 
},
{   
   "id":"94",
   "name": "HemoCue® Hb 801 Microcuvettes",    
   "category": "pointOfCare",    
   "image": "media/products/hb801_cuvette_v2_a_1816x514.jpg",  
   "manufacturer":"HemoCue® ",
   "readMoreLink":"https://www.hemocue.com/en/solutions/accessories-and-consumables/hemocue-cleaner",  
   "downloadLink":"",
   "description": "The new HemoCue® Hb 801 Microcuvettes unite accuracy with performance and convenience for a fast, smart and easy Hb measurement.  <br>With the unique 'Let-go-grip' you simply place the microcuvette and release immediately. There is no need to hold or press down the microcuvette to get the result - simply press and release." 
},
{    
    "id":"95",
    "name": "SURE CHECK® HIV Self-Test",    
    "category": "pointOfCare",    
    "image": "media/products/sure-check-hiv-self-test.png",  
    "manufacturer":"Chembio diagnostics Inc.",
    "readMoreLink":"https://chembio.com/products/sure-check-hiv-self-test-international/",  
    "downloadLink":"",
    "description": "One Drop of Blood is All You Need. A WHO Prequalified single-use in-vitro diagnostic self-test that detects antibodies to HIV-1 and HIV-2 in fingerstick whole blood." 
},
{    
    "id":"96",
    "name": "DPP® HIV-Syphilis",    
    "category": "pointOfCare",    
    "image": "media/products/dpp-hiv-syph-cassette-negative.png",  
    "manufacturer":"Chembio diagnostics Inc.",
    "readMoreLink":"https://chembio.com/products/sure-check-hiv-self-test-international/",  
    "downloadLink":"",
    "description": "An FDA Approved, dual rapid test for the detection of antibodies to HIV 1/2 and Treponema pallidum in fingerstick whole blood, venous whole blood, or plasma specimens.<br>Patented DPP® technology allows for higher sensitivity:>99% for HIV and >94% for T. pallidum" 
},
{    
    "id":"97",
    "name": "HIV 1/2 STAT-PAK® Assay",    
    "category": "pointOfCare",    
    "image": "media/products/stat-pak-cassette-negative.png",  
    "manufacturer":"Chembio diagnostics Inc.",
    "readMoreLink":"https://chembio.com/products/sure-check-hiv-self-test-international/",  
    "downloadLink":"",
    "description": "An FDA approved, rapid point-of-care assay for the detection of HIV-1 and HIV-2 antibodies in fingerstick whole blood, venous whole blood, serum or plasma.<br>Sensitivity: 99.7%; Specificity: 99.9%2" 
},
{   
   "id":"15",
   "name": "FS-700pro Non-Contact IR Thermometer",    
   "category": "pointOfCare",    
   "image": "media/products/FS-700pro.png",  
   "manufacturer":"Hubdic",
   "readMoreLink":"http://www.hubdic.com/product/?mod=document&pageid=1&kboard_search_option%5Btree_category_1%5D%5Bkey%5D=tree_category_1&kboard_search_option%5Btree_category_1%5D%5Bvalue%5D=Thermometer&uid=146",  
   "downloadLink":"",
   "description": "It is Comfortable and Easy use,Fever Alarm,User Friendly Functions (Auto Off 1 minute,Cent/Fernh Conversion, 32 Memories, Sound On/Off" 
},
{   
   "id":"16",
   "name": "Non-Contact IR Thermometer-FS-300",    
   "category": "pointOfCare",    
   "image": "media/products/fs-300.png",  
   "manufacturer":"Hubdic",
   "readMoreLink":"http://www.hubdic.com/product/?pageid=1&mod=document&kboard_search_option%5Btree_category_1%5D%5Bkey%5D=tree_category_1&kboard_search_option%5Btree_category_1%5D%5Bvalue%5D=Thermometer&uid=147",  
   "downloadLink":"",
   "description": "No Contact, No Virus,LED Back Light, 32 Memories, Pocket Size" 
},
{   
   "id":"17",
   "name": "Infrared Forehead Thermometer-FS-201",    
   "category": "pointOfCare",    
   "image": "media/products/FS-201.png",  
   "manufacturer":"Huddic",
   "readMoreLink":"http://www.hubdic.com/product/?pageid=1&mod=document&kboard_search_option%5Btree_category_1%5D%5Bkey%5D=tree_category_1&kboard_search_option%5Btree_category_1%5D%5Bvalue%5D=Thermometer&uid=148",  
   "downloadLink":"",
   "description": "Forehead thermometer,  Wide Measurement,   Indoor Temperature,   Indoor Humidity " 
},
{   
   "id":"18",
   "name": "BEAKERS - low form",    
   "category": "glassware",    
   "image": "media/products/beaker-low-form.png",  
   "manufacturer":"Isolab",
   "readMoreLink":"https://www.isolab.de/en-us/lab-consumables-labware/beakers-glass-lowform",  
   "downloadLink":"http://isolab.de/englishcatalog/#30",
   "description": "Manufactured from heat resistant, durable borosilicate glass according to ISO 3819 and DIN 12331 standards. Thick wall, heavy base and reinforced rim prevent breakage during washing and transportation. Volume graduations and inscriptions are printed with white enamel." 
},
{   
   "id":"19",
   "name": "Volumetric flask-class A",    
   "category": "glassware",    
   "image": "media/products/volumetric-flask.jpg",  
   "manufacturer":"Isolab",
   "readMoreLink":"https://www.isolab.de/en-us/volumetric-measurement-liquid-handling/volumetricflasks-glass-classa-conformitycertified-clear",  
   "downloadLink":"http://isolab.de/englishcatalog/#12",
   "description": "Manufactured from heat resistant borosilicate 3.3 glass according to DIN EN ISO 1042 standard. Calibrated according to DIN/ISO Class “A” standard. Featured with a (“DE-M”) conformity mark according to German federal weights and measures regulations. Individual calibration carried out by automatic robots eliminate possible deviations from nominal values. Conformity mark and batch number printed on the body surface. Batch certificate can be downloaded from website. Diamond grinded meniscus ring mark offers longer persistence. Blue colored meniscus ring mark enables easy observation of meniscus level. Inscriptions on the bodies are printed with blue enamel color. Flasks are supplied with a leak-proof P.E stopper which ensures perfect closure." 
},
{   
   "id":"20",
   "name": "FLASKS- flat bottom",    
   "category": "glassware",    
   "image": "media/products/flask-flat-bottom.png",  
   "manufacturer":"Isolab",
   "readMoreLink":"https://www.isolab.de/en-us/lab-consumables-labware/flasks-clear-glass-flatbottom",  
   "downloadLink":"http://isolab.de/englishcatalog/#32",
   "description": "Manufactured from heat resistant, durable borosilicate glass according to ISO 1773 standard. Thick wall, heavy base and reinforced rim prevent breakage during washing and transportation. Inscriptions are printed with white enamel." 
},
{   
   "id":"21",
   "name": "erlenmeyers-clear-glass-groundneck",    
   "category": "glassware",    
   "image": "media/products/erlenmeyers-clear-glass-groundneck.png",  
   "manufacturer":"Isolab",
   "readMoreLink":"https://www.isolab.de/en-us/distilation-filtration-separation-sample-preparation/erlenmeyers-clear-glass-groundneck",  
   "downloadLink":"http://isolab.de/englishcatalog/#100",
   "description": " Manufactured from heat resistant, durable borosilicate glass according to DIN EN ISO 4797 standard. Thick wall, heavy base and reinforced rim prevent breakage during washing and transportation. Perfectly grinded NS necks with smooth interior guarantee excellent leakproof closure. Volume graduations and inscriptions are printed with white enamel." 
},
{   
   "id":"22",
   "name": "Pipette",    
   "category": "labConsumables",    
   "image": "media/products/pipette.png",  
   "manufacturer":"Cypress",
   "readMoreLink":"https://diagnostics.be/product/ps01000",  
   "downloadLink":"",
   "description": "CYANPipette 100 - 1000 µl provides precision equipment for laboratories. As liquid handling forms the input for many diagnoses, precision in pipetting is one of the most important factors in achieving a higher level of quality." 
},
{   
   "id":"23",
   "name": " Deep Well Storage Plates- 96 wells",    
   "category": "labConsumables",    
   "image": "media/products/96-wells.jpg",  
   "manufacturer":"Tarsons",
   "readMoreLink":"https://tarsons.com/product/deep-well-storage-plates-96-wells/",  
   "downloadLink":"",
   "description": "These deep well polypropylene plates are specially designed for high throughput screening, sample collection, compound storage, compound libraries, and combinatorial chemistry applications. Certified DNase,RNase and Pyrogen Free. Material: PP confirming to US FDA 21 CFR" 
},
{   
   "id":"24",
   "name": "Maxiamp 0.1 ml Low Profile Tube Strips with Cap",    
   "category": "labConsumables",    
   "image": "media/products/Maxiamp-0.1-ml-Low-Profile-Tube-Strips-with-Cap.jpg",  
   "manufacturer":"Tarsons",
   "readMoreLink":"https://tarsons.com/product/maxiamp-0-1-ml-low-profile-tube-strips-with-cap/",  
   "downloadLink":"",
   "description": "Available in 0.1 ml clear tubes, with a choice of flat,domed and ultra clear cap types. Suitable for 0.1 ml thermal blocks.Only Ultra Clear variety suitable for REAL TIME PCR Low profile reduces dead space between heated lid and sample. Thin  wall design for even heat transfer. Clean room production for consistent results. High quality amplification. Suitable for traditional PCR/ Hot start PCR. Material:PP" 
},
{   
   "id":"25",
   "name": "Maxiamp 0.2 ml Tube Strips with Attached Cap",    
   "category": "labConsumables",    
   "image": "media/products/Maxiamp-0.2 ml-Tube-Strips-with-Attached-Cap.jpg",  
   "manufacturer":"Tarsons",
   "readMoreLink":"https://tarsons.com/product/maxiamp-0-2-ml-tube-strips-with-attached-cap/",  
   "downloadLink":"",
   "description": "8 tube strips available in 0.2 ml clear or white tubes. Available in Ultra 8 tube strips available in 0.2 ml clear or white tubes. Available in Ultra Clear cap variety only. Maxiamp 0.2 ml tube strips are suitable for REAL TIME PCR applications. Thin wall design for even heat transfer.Clean room production for consistent results. High quality amplification.Suitable for tradition a I PCR/ Hot start PCR.RNase/DNase/ pyrogen free. Material : PP cap variety only.Maxiamp 0.2 ml tube strips are suitable for REAL TIME PCR applications.Thin wall design for even heat transfer.Clean room production for consistent results. High quality amplification.Suitable for traditional PCR/ Hot start PCR. RNase/DNase/ pyrogen free. Material : PP" 
},


{    
   "id":"36",
   "name": "gastroenterology Rapid Tests",    
   "category": "rapidTests",    
   "image": "media/partnersLogo/biolife-italiana.png",  
   "manufacturer":"Biolife Italiana",
   "readMoreLink":"https://www.masciabrunelli.it/prodotti.asp?id1=04&id2=401&UseLng=en",  
   "downloadLink":"",
   "description": "" 
},
{    
   "id":"37",
   "name": "Respiratory Rapid Tests",    
   "category": "rapidTests",    
   "image": "media/partnersLogo/biolife-italiana.png",  
   "manufacturer":"Biolife Italiana",
   "readMoreLink":"https://www.masciabrunelli.it/prodotti.asp?id1=04&id2=402&UseLng=en",  
   "downloadLink":"",
   "description": "" 
},
{    
   "id":"38",
   "name": "Sexually Transmitted Diseases Rapid Tests",    
   "category": "rapidTests",    
   "image": "media/partnersLogo/biolife-italiana.png",  
   "manufacturer":"Biolife Italiana",
   "readMoreLink":"https://www.masciabrunelli.it/prodotti.asp?id1=04&id2=403&UseLng=en",  
   "downloadLink":"",
   "description": "" 
},
{    
   "id":"39",
   "name": "Parasitology Rapid Tests",    
   "category": "rapidTests",    
   "image": "media/partnersLogo/biolife-italiana.png",  
   "manufacturer":"Biolife Italiana",
   "readMoreLink":"https://www.masciabrunelli.it/prodotti.asp?id1=04&id2=404&UseLng=en",  
   "downloadLink":"",
   "description": "" 
},
{    
   "id":"40",
   "name": "Positive Rapid Tests",    
   "category": "rapidTests",    
   "image": "media/partnersLogo/biolife-italiana.png",  
   "manufacturer":"Biolife Italiana",
   "readMoreLink":"https://www.masciabrunelli.it/prodotti.asp?id1=04&id2=406&UseLng=en",  
   "downloadLink":"",
   "description": "" 
},
{    
   "id":"410",
   "name": "Front Bite Mouthpiece",    
   "category": "spirometry",    
   "image": "media/products/front-bite-mouthpiece.png",  
   "manufacturer":"Vitalograph",
   "readMoreLink":"",  
   "downloadLink":"",
   "description": "High quality mouthpieces ergonomically designed for comfort. For pulmonary function testing and constructed from taste-free, soft Thermolast® plastic. It is suitable for adults and children." 
},
{    
   "id":"42",
   "name": "Plastic mouthpiece for 4000 series",    
   "category": "spirometry",    
   "image": "media/products/plastic-mouthpiece.png",  
   "manufacturer":"Vitalograph",
   "readMoreLink":"https://vitalograph.com/product/plastic-mouthpiece-4000-series/",  
   "downloadLink":"",
   "description": "Plastic Mouthpiece for the Vitalograph 4000 Series respiratory monitors & screeners (pack of 20) " 
},
{    
   "id":"43",
   "name": "Nose clips with foam pads(200)",    
   "category": "spirometry",    
   "image": "media/products/nose-clips.png",  
   "manufacturer":"Vitalograph",
   "readMoreLink":"https://vitalograph.com/product/nose-clips-with-foam-pads/",  
   "downloadLink":"",
   "description": "Our noseclips are ergonomically designed for comfort. Their use in spirometry is recommended by international spirometry guidelines.Use of noseclips during spirometry testing is recommended in the ATS/ERS Standardization of Spirometry 2019 Update." 
},
{    
   "id":"86",
   "name": "BVF",    
   "category": "spirometry",    
   "image": "media/products/BVF283501-768x512.jpg",  
   "manufacturer":"Vitalograph",
   "readMoreLink":"https://vitalograph.com/product-category/optional-extras-consumables/?jsf=epro-archive-products&tax=product_cat:266%2C739",  
   "downloadLink":"",
   "description": "Choose from our range of desktop, handheld or PC-based spirometers.When you register a qualifying Vitalograph device for our 5 year warranty, we will provide one free enrolment to device specific training on SpiroTutor. Upon successful completion, a manufacturer’s training certificate is issued. With products such as pneumotrac with RMS, pneumotrac spirometer with spirotrac  6 software, Alpha spirometer, in2itive spirometer,int2itive spriometer with spirotrac software, micro Spirometer, Spirotrac 6 software, Spirotrac software development kit." 
},
{    
   "id":"44",
   "name": "Spirometers",    
   "category": "spirometry",    
   "image": "media/products/spirometers.png",  
   "manufacturer":"Vitalograph",
   "readMoreLink":"https://vitalograph.com/product-category/spirometers/",  
   "downloadLink":"",
   "description": "Choose from our range of desktop, handheld or PC-based spirometers.When you register a qualifying Vitalograph device for our 5 year warranty, we will provide one free enrolment to device specific training on SpiroTutor. Upon successful completion, a manufacturer’s training certificate is issued. With products such as pneumotrac with RMS, pneumotrac spirometer with spirotrac  6 software, Alpha spirometer, in2itive spirometer,int2itive spriometer with spirotrac software, micro Spirometer, Spirotrac 6 software, Spirotrac software development kit." 
},
{    
   "id":"45",
   "name": "Monitors and Screeners",    
   "category": "spirometry",    
   "image": "media/products/monitors.png",  
   "manufacturer":"Vitalograph",
   "readMoreLink":"https://vitalograph.com/product-category/monitors-screeners/",  
   "downloadLink":"",
   "description": "Choose from our range of asthma monitors, COPD Screener, lung monitors, peak flow meters. With products such as asma-1 Asthma monitor, copd-6 Screener, myPEF, peak flow meter asmaplan standard, lung monitor" 
},
{    
   "id":"46",
   "name": "ECG",    
   "category": "spirometry",    
   "image": "media/products/ecg.png",  
   "manufacturer":"Vitalograph",
   "readMoreLink":"https://vitalograph.com/product-category/ecg/",  
   "downloadLink":"",
   "description": "Our ECG device comes with 5 year warranty and SpiroTutor® training. With products such as 12 Lead Bt ECG, disposable ECG electrodes, BT12 ECG device with spirotrac 6 software" 
},{    
   "id":"47",
   "name": "Inhaler Training",    
   "category": "spirometry",    
   "image": "media/products/inhaler-training.png",  
   "manufacturer":"Vitalograph",
   "readMoreLink":"",  
   "downloadLink":"",
   "description": "Mastery of the correct technique will support more accurate drug delivery in the use of DPI and MDI inhalers and good patient compliance, resulting in better disease management and fewer visits to medical professionals. With products such as AIM Aerosol inhalation Trainer and Starter Pack, AIM Starter Pack, Disposable Generic DPI Simulator, Disposable Generic MDI simulator,MDI Placebo Canisters." 
},
{    
   "id":"48",
   "name": "Petridish",    
   "category": "labConsumables",    
   "image": "media/products/petridish.jpg",  
   "manufacturer":"Tarsons",
   "readMoreLink":"https://tarsons.com/product/petridish-2/",  
   "downloadLink":"",
   "description": "Moulded in Polypropylene, clear and unbreakable. PP confirming to US FDA 21 CFR.  Autoclavable" 
},
{    
   "id":"49",
   "name": "Verisafe® Safety Huber needles",    
   "category": "surgicals",    
   "image": "media/products/huber-needle.png",  
   "manufacturer":"Promisemed",
   "readMoreLink":"https://www.promisemed-global.com/Products/info.aspx?itemid=1127&lcid=2",  
   "downloadLink":"https://www.promisemed-global.com/uploadfiles/2022/11/20221114100721392.png",
   "description": "Verisafe® Safety Huber Needles are non-coring safety needles for implanted vascular ports, allowing power injection (up to 330 psi). Two types of safety huber needles are available for your choice. These two intuitive safety mechanisms are designed to reduce the accidental stick injuries." 
},
{    
   "id":"50",
   "name": "Verisafe® Fine Biopsy Needles",    
   "category": "surgicals",    
   "image": "media/products/fine-biopsy-needle.png",  
   "manufacturer":"Promisemed",
   "readMoreLink":"https://www.promisemed-global.com/Products/info.aspx?itemid=1126&lcid=2",  
   "downloadLink":"https://www.promisemed-global.com/uploadfiles/2022/11/20221111131327418.png",
   "description": "Designed for harvesting cells for cytological examinations, Verisafe® Fine Biopsy Needles are available with Chiba tips." 
},
{    
   "id":"51",
   "name": "Verisafe® Semi-automatic Biopsy Needles",    
   "category": "surgicals",    
   "image": "media/products/semi-automatic-biopsy-needle.png",  
   "manufacturer":"Promisemed",
   "readMoreLink":"https://www.promisemed-global.com/Products/info.aspx?itemid=100&lcid=2",  
   "downloadLink":"https://www.promisemed-global.com/uploadfiles/2022/11/20221115091622225.png",
   "description": "Verisafe® Semi-automatic Biopsy Needles offer many of the same features that our automatic biopsy needles possess. The difference is that you need to advance the stylet manually" 
},
{    
   "id":"52",
   "name": "Verisafe® Automatic Biopsy Needles",    
   "category": "surgicals",    
   "image": "media/products/automatic-biopsy-needle.png",  
   "manufacturer":"Promisemed",
   "readMoreLink":"https://www.promisemed-global.com/Products/info.aspx?itemid=101&lcid=2",  
   "downloadLink":"https://www.promisemed-global.com/uploadfiles/2022/11/20221115091304859.png",
   "description": "Verisafe® Automatic Biopsy Needles are designed for getting ideal samples from a wide range of soft tissue for diagnosis and causing less trauma to patients. Two triggering buttons respectively on the side and at the bottom meet different operating habits." 
},
{    
   "id":"53",
   "name": "Verisafe® Co-axial Biopsy Devices",    
   "category": "surgicals",    
   "image": "media/products/co-axial-biopsy-device.png",  
   "manufacturer":"Promisemed",
   "readMoreLink":"https://www.promisemed-global.com/Products/info.aspx?itemid=1125&lcid=2",  
   "downloadLink":"https://www.promisemed-global.com/uploadfiles/2022/11/20221111132832473.png",
   "description": "Verisafe® Co-axial Biopsy Devices are compatible with Verisafe® biopsy needles, helping accurate location and allowing multiple sampling from one puncture with minimal trauma to organs and/or surrounding tissue." 
},
{    
   "id":"54",
   "name": "Verifine® Blood Lancets ",    
   "category": "surgicals",    
   "image": "media/products/diabetic-blood-lancet.png",  
   "manufacturer":"Promisemed",
   "readMoreLink":"https://www.promisemed-global.com/Products/info.aspx?itemid=87&lcid=11#Product5",  
   "downloadLink":"https://www.promisemed-global.com/uploadfiles/2022/10/20221027090707334.png",
   "description": "They are sterlized by Gamma iradiation with a Tri-bevel needle tip keeping good blood flow." 
},
{    
   "id":"55",
   "name": "Verifine® Triple Safety Pen Needles",    
   "category": "surgicals",    
   "image": "media/products/insulin-pen-needles.png",  
   "manufacturer":"Promisemed",
   "readMoreLink":"https://www.promisemed-global.com/Products/info.aspx?itemid=11&lcid=14",  
   "downloadLink":"https://www.promisemed-global.com/uploadfiles/2022/10/20221027131226145.png",
   "description": "Shield locks automatically at injection end after injection to help prevent accidental needlesticks.Shield locks automatically at insulin pen end after injection to help prevent accidental needlesticks during disposal. Needle front Pre-covered for less risk of needle stick.Safety indicator after safety activation" 
},
{    
   "id":"56",
   "name": "Verisafe® Safety Needle and Syringes Combinations",    
   "category": "surgicals",    
   "image": "media/products/needle-syringe-combination.png",  
   "manufacturer":"Promisemed",
   "readMoreLink":"https://www.promisemed-global.com/Products/info.aspx?itemid=1148&lcid=1",  
   "downloadLink":"https://www.promisemed-global.com/uploadfiles/2022/12/20221203113443103.png",
   "description": "Developed for avoiding needle stick injury, Verisafe® Safety Needles with intuitive safety mechanism are easy to use which allows minimal training. The needle is also compatible with all standard luer lock and luer slip syringes." 
},
{    
   "id":"62",
   "name": "Verisafe® Luer Lock Syringes without Needles",    
   "category": "surgicals",    
   "image": "media/products/syringe-without-needle.png",  
   "manufacturer":"Promisemed",
   "readMoreLink":"https://www.promisemed-global.com/Products/info.aspx?itemid=1147&lcid=1",  
   "downloadLink":"https://www.promisemed-global.com/uploadfiles/2022/12/20221202170619951.png",
   "description": "Special Design for Reliable Performance" 
},
{    
   "id":"57",
   "name": "Verisafe®  Safety Needles",    
   "category": "surgicals",    
   "image": "media/products/safety-needles.png",  
   "manufacturer":"Promisemed",
   "readMoreLink":"https://www.promisemed-global.com/Products/info.aspx?itemid=1124&lcid=1",  
   "downloadLink":"https://www.promisemed-global.com/uploadfiles/2022/12/20221202164338686.png",
   "description": "Developed for avoiding needle stick injury, Verisafe® Safety Needles with intuitive safety mechanism are easy to use which allows minimal training. The needle is also compatible with all standard luer lock and luer slip syringes." 
},
{    
   "id":"58",
   "name": "Verisafe® Winged Blood Collection Sets",    
   "category": "surgicals",    
   "image": "media/products/winged-blood-collection-sets.png",  
   "manufacturer":"Promisemed",
   "readMoreLink":"https://www.promisemed-global.com/Products/info.aspx?itemid=98&lcid=1",  
   "downloadLink":"https://www.promisemed-global.com/uploadfiles/2022/10/20221031133738145.png",
   "description": "Verisafe® Safety Winged Blood Collection Sets are designed for minimizing patients’ discomfort, improving professionals' efficiency and ensuring the safety of both sides. " 
},
{    
   "id":"59",
   "name": "Verisafe® Safety Syringes with Fixed Needles",    
   "category": "surgicals",    
   "image": "media/products/safety-syringes-with-Fixed-Needles.png",  
   "manufacturer":"Promisemed",
   "readMoreLink":"https://www.promisemed-global.com/Products/info.aspx?itemid=1132&lcid=1",  
   "downloadLink":"https://www.promisemed-global.com/uploadfiles/2022/09/20220909183422784.png",
   "description": "Specially designed safety mechanisms help to reduce the risk of accidental needle stick injuries and the transmission of blood borne pathogens for professionals, patients and downstream workers. And the intuitive safety mechanism design requires minimal training. Promisemed Cares about your safety and makes injection safe and easy!" 
},
{    
   "id":"60",
   "name": "Verisafe® Sterile Syringes with Fixed Needles",    
   "category": "surgicals",    
   "image": "media/products/Sterile-Syringes-with-Fixed-Needles.png",  
   "manufacturer":"Promisemed",
   "readMoreLink":"https://www.promisemed-global.com/Products/info.aspx?itemid=1131&lcid=1",  
   "downloadLink":"https://www.promisemed-global.com/uploadfiles/2022/09/20220909180820652.png",
   "description": "Almost zero dead-space design which is better than low dead-space, also known as low dead-volume (LDV) design facilitates in precise injection dose and reducing medication waste." 
},
{    
   "id":"61",
   "name": "Verisafe® Safety Winged Infusion Sets",    
   "category": "surgicals",    
   "image": "media/products/winged-infusion-sets.png",  
   "manufacturer":"Promisemed",
   "readMoreLink":"https://www.promisemed-global.com/Products/info.aspx?itemid=1134&lcid=1",  
   "downloadLink":"https://www.promisemed-global.com/uploadfiles/2022/10/20221027094016428.png",
   "description": "Verisafe® Safety Winged Infusion Sets are designed for minimizing patients’ discomfort, improving professionals' efficiency and ensuring the safety of both sides." 
},
{    
   "id":"62",
   "name": "Verisafe® Blood Collection Holder",    
   "category": "surgicals",    
   "image": "media/products/blood-collection-holder.png",  
   "manufacturer":"Promisemed",
   "readMoreLink":"https://www.promisemed-global.com/Products/info.aspx?itemid=1135&lcid=1",  
   "downloadLink":"",
   "description": "Accidental exposure to bloodborne pathogens is a big concern of healthcare workers. Verisafe® Blood Collection Holder is designed for safer blood collection. It provides a thread connection." 
},
{    
   "id":"63",
   "name": "PRIMA ENT",    
   "category": "labEquipment",    
   "image": "media/products/prima-ent.webp",  
   "manufacturer":"Labomed",
   "readMoreLink":"",  
   "downloadLink":"https://imk.storage.googleapis.com/file/MMN7xaQPPLutLJmkT/file_ENT.pdf",
   "description": "The Prima ENT microscope features a performance driven, highly modular design best suited for the dyanmic needs of modern ENT clinical and surgical environments. With an efficient and intelligent LED coaxial illumination system, pristine apochromatic optics, responsive arm movements, the Prima ENT microscope brings with it a high standard of performance and reliability " 
},
{ 
   "id":"64",
   "name": "LUXEO 4Z",    
   "category": "labEquipment",    
   "image": "media/products/luxeo-4z.png",  
   "manufacturer":"Labomed",
   "readMoreLink":"",  
   "downloadLink":"https://imk.storage.googleapis.com/file/MMN7xaQPPLutLJmkT/file_Luxeo.pdf",
   "description": "The Luxeo 4Z reflects high performance engineering in every detail, demonstrating yet again, an unwavering focus on delivering superb value. With a super bright and white light emitting diode (LED) illumination system, superb optics, and a single-cast durable construction, the Luxeo 4Z addresses the needs of modern biology programs as well as a host of quality control and routine inspection applications." 
},
{    
   "id":"65",
   "name": "PRIMA MU",    
   "category": "labEquipment",    
   "image": "media/products/PRIMA MU.jpg",  
   "manufacturer":"Labomed",
   "readMoreLink":"",  
   "downloadLink":"https://imk.storage.googleapis.com/file/MMN7xaQPPLutLJmkT/file_PRIMA_Mu.pdf",
   "description": "TThe Prima Mu is intended for routine inspection and in screening clinical environments. A well-designed apochromatic optical system with a high output LED built directly into the microscope housing provides users with a compact solution. The arm system has been carefully designed to mitigate vibration and lower the system's center of gravity to provide a more stable, lighter weight solution. " 
},
{    
   "id":"66",
   "name": "CXL",    
   "category": "labEquipment",    
   "image": "media/products/cxl.png",  
   "manufacturer":"Labomed",
   "readMoreLink":"",  
   "downloadLink":"https://imk.storage.googleapis.com/file/MMN7xaQPPLutLJmkT/file_CXL.pdf",
   "description": "Designed for both classroom and laboratory environments, the CxL reflects a sleek design composed of a durable aluminum stand, high throughput glass and optical coatings, and brass gears, all of which position the CxL to withstand the most demanding of user environments. And with lead-free optics and paints, the CxL is a truly eco friendly solution." 
},
{    
   "id":"67",
   "name": "stella",    
   "category": "labEquipment",    
   "image": "media/products/stella.webp",  
   "manufacturer":"Labomed",
   "readMoreLink":"",  
   "downloadLink":"https://imk.storage.googleapis.com/file/MMN7xaQPPLutLJmkT/file_stella.pdf",
   "description": "A sturdy workhorse in the most demanding of surgical environments. Built-in modularity and optional filter packages provide added versatility in Ophthalmic retinal and cataract surgery as well as Neurosurgery.  A proprietary pyramidal stand helps quickly offset weight as the arm rotates, keeping the system vibration-free and easy to maneuver. Apochromatic optics, compatibilty with image inverters, and a host of video and ergonomic accessories make Stella a value leader. " 
},
{    
   "id":"68",
   "name": "LX 400",    
   "category": "labEquipment",    
   "image": "media/products/lx-400.png",  
   "manufacturer":"Labomed",
   "readMoreLink":"",  
   "downloadLink":"https://imk.storage.googleapis.com/file/MMN7xaQPPLutLJmkT/file_Lx_400.pdf",
   "description": "Designed for scaleability, the Lx 400 can take on a broad range of applications and curriculum requirements. Reflecting innovations in optical and illumination design as well as mechanical breakthroughs, the Lx 400 delivers unparalleled performance to price value to an expanding list of delighted users." 
},
{ 
   "id":"69",
   "name": "LX 500",    
   "category": "labEquipment",    
   "image": "media/products/lx-500.png",  
   "manufacturer":"Labomed",
   "readMoreLink":"",  
   "downloadLink":"https://imk.storage.googleapis.com/file/MMN7xaQPPLutLJmkT/file_Lx_500.pdf",
   "description": "The Lx 500 clinical microscope is the outcome of world-class technologies and design innovations. Highly modular and accessory friendly, the Lx 500 is a versatile and fully extendable clinical microscope that boasts graceful symmetry and performance thanks to its ergonomic and optical features." 
},
{   
   "id":"70",
   "name": "TCM 400",    
   "category": "labEquipment",    
   "image": "media/products/tcm-400.png",  
   "manufacturer":"Labomed",
   "readMoreLink":"",  
   "downloadLink":"https://imk.storage.googleapis.com/file/MMN7xaQPPLutLJmkT/file_TCM%20400.pdf",
   "description": "Cell culture, In Vitro Fertilization (IVF), and fluorescence stains are viewed in high fidelity with the TCM 400. A host of optional accessories make the system modular and versatile. High-performance optics configured in a durable, compact footprint make the TCM 400 inverted microscope ideal for clinical needs. " 
},
{   
   "id":"71",
   "name": "PRIMA TRAINER",    
   "category": "labEquipment",    
   "image": "media/products/prima-trainer.png",  
   "manufacturer":"Labomed",
   "readMoreLink":"",  
   "downloadLink":"https://imk.storage.googleapis.com/file/MMN7xaQPPLutLJmkT/file_DNT.pdf",
   "description": "The Prima Trainer is designed for educational and research facilities looking for table-top magnification systems that can provide a long working distance, bright and homogenous LED illumination, and super resolution images all in a compact form factor with fluid maneuverability. Our MaxLite™ coated apochromatic magnichanger promises high color fidelity in three color wavelengths. A well designed arm enables a lower center of gravity, ensuring a well balanced and vibration free microscope that won't monopolize your workstation." 
},
{    
   "id":"72",
   "name": "Laboratory Refrigerator YC-315",    
   "category": "labEquipment",    
   "image": "media/products/YC-315.png",  
   "manufacturer":"Meling Biomedical",
   "readMoreLink":"",  
   "downloadLink":"",
   "description": "Meling 2℃~8℃ Pharmacy / Medical & Lab Refrigerator YC-315L is premium and high-quality refrigerator for medical and laboratory grade, which is perfect for storing sensitive materials in pharmacies, medical offices, clinics, laboratories, scientific institutions and more. This medical refrigerator has updated in quality and durability, and it can meet the stringent guidelines demands for medical and laboratory. YC-315L medical fridge is designed with 5 PVC-coated steel wire shelves with tag card for easy storage and clean. And it is equipped with high-efficiency air-cooling condenser and a finned evaporator for fast refrigeration. The digital display control panel ensure the temperature display accurately in 0.1℃." 
},
{    
   "id":"970",
   "name": "Laboratory Refrigerator YC-725L",    
   "category": "labEquipment",    
   "image": "media/products/YC-725L.png",  
   "manufacturer":"Meling Biomedical",
   "readMoreLink":"",  
   "downloadLink":"",
   "description": "Meling 2℃～8℃ Pharmacy refrigerator YC-725L is pharmaceutical grade refrigerators for vaccines， storing sensitive materials in pharmacies, medical offices, laboratories, clinics, or scientific institutions. It is produced in quality and durability, and meets the stringent guidelines demands for medical and laboratory grade. YC-725L medical fridge provides you with 725L of interior storage with adjustable 12 shelves for high efficient capacity storage. This medical / lab refrigerator is equipped with high –precision microcomputer temperature control system and ensures the temperature range in 2℃～8℃. And it comes with 1 high-brightness digital temperature display ensuring the display precision in 0.1℃." 
},
{    
   "id":"98",
   "name": "Blood Bank Refrigerator XC-168L",    
   "category": "labEquipment",    
   "image": "media/products/Blood Bank Refrigerator XC-168L.png",  
   "manufacturer":"Meling Biomedical",
   "readMoreLink":"",  
   "downloadLink":"",
   "description": "Meling 4℃ Blood Bank Refrigerator XC-168L is a reliable blood storage refrigerator for safeguarding security of whole blood, blood plasmas, blood compartments and blood samples. The intelligent constant temperature control ensures the temperature control precision within 2~6℃ inside the cabinet, which can perfectly promise the temperature uniformity. The blood storage refrigerator equipped with auto-defrost glass door ensures safe medical or lab material storage. " 
},
{    
   "id":"99",
   "name": "Blood Bank Refrigerator XC-630L",    
   "category": "labEquipment",    
   "image": "media/products/Blood Bank Refrigerator XC-630L.png",  
   "manufacturer":"Meling Biomedical",
   "readMoreLink":"",  
   "downloadLink":"https://www.melingbiomedical.com/uploadfile/attachment/8a00136108c5dc14915bf063f55e6c2b.pdf",
   "description": "Meling 4℃ Blood Bank Refrigerator XC-630L is a reliable blood storage refrigerator for safeguarding security of whole blood, blood plasmas, blood compartments and blood samples. The intelligent constant temperature control ensures the temperature control precision within 2~6℃ inside the cabinet, which can perfectly promise the temperature uniformity. The blood storage refrigerator equipped with auto-defrost glass door ensures safe medical or lab material storage" 
},
{    
   "id":"100",
   "name": "Blood Bank Refrigerator XC-268L",    
   "category": "labEquipment",    
   "image": "media/products/Blood Bank Refrigerator XC-268L.png",  
   "manufacturer":"Meling Biomedical",
   "readMoreLink":"",  
   "downloadLink":"https://www.melingbiomedical.com/uploadfile/attachment/a3c5a62fb1384cb5b76204a4aac40719.pdf",
   "description": "Meling is a leading Chinese of blood bank refrigerators manufacturer, 4℃ Blood Bank Refrigerator XC-268L is a reliable blood storage refrigerator for safeguarding security of whole blood, blood plasmas, blood compartments and blood samples. The intelligent constant temperature control ensures the temperature control precision within 2~6℃ inside the cabinet, which can perfectly promise the temperature uniformity. The blood storage refrigerator equipped with auto-defrost glass door ensures safe medical or lab material storage. What makes this blood refrigerator outstanding is that it meets or exceeds the AABB and CDC regulations for blood storage. To give you high-efficiency capacity storage, this blood bank refrigerator is designed with 5 dip-coating shelves and 15 stainless steel baskets with 150 bags 450ml loading capacity." 
},
{    
   "id":"101",
   "name": "CBR-600S",    
   "category": "labEquipment",    
   "image": "media/products/CBR-600S.jpg",  
   "manufacturer":"Giantstar",
   "readMoreLink":"",  
   "downloadLink":"",
   "description": "Capacity(L):605 Liters<br>Temperature range(℃):2~8℃<br>External standard(WxHxD) mm:740x1970x820<br>Internal standard(WxHxD) mm:610x1440x680<br>Weight:162Kg<br>Certification:Mediacal device license(Cass 2),GMP,ISO 133485,WHO" 
},
{    
   "id":"102",
   "name": "QFU-014",    
   "category": "labEquipment",    
   "image": "media/products/QFU-014.jpg",  
   "manufacturer":"Giantstar",
   "readMoreLink":"",  
   "downloadLink":"",
   "description": "Capacity(L):322 Liters<br>Temperature range(℃):-10 to -40℃<br>External standard(WxHxD) mm:641x1570x730<br>Internal standard(WxHxD) mm:511x1090x585<br>Weight:168Kg<br>Certification:Medical device license ( class 2 ), GMP, ISO13485, WHO" 
},
{    
   "id":"103",
   "name": "DW-HL340",    
   "category": "labEquipment",    
   "image": "media/products/DW-HL340.png",  
   "manufacturer":"Meling Biomedical",
   "readMoreLink":"",  
   "downloadLink":"",
   "description": "Meling -86°C ultra low temperature freezer DW-HL340 is cost-effective deep freezer for laboratory and medical grade. This ultra deep freezer is equipped with high-precision temperature control, ensuring the temperature uniformity in the cabinet with a range of -40°C to -86°C. The targeted refrigeration of the deep freezer enables fast refrigeration. It is designed in human-oriented with energy saving and environmentally friendly. It can safely store laboratory research materials, pharmaceutical raw materials, and more. This medical / laboratory deep freezer is suitable for using in blood banks, health and disease prevention systems, hospitals, colleges & universities, research institutions, the electronic industry, laboratories in colleges & universities, biological engineering, military enterprise, deep-sea fishing companies, etc." 
},
{    
   "id":"104",
   "name": "DW-HL50HC",    
   "category": "labEquipment",    
   "image": "media/products/DW-HL50HC.png",  
   "manufacturer":"Meling Biomedical",
   "readMoreLink":"",  
   "downloadLink":"",
   "description": "Meling Undercounter -86°C ultra-low temperature freezer DW-HL50HC comes with a little body for great use. It is perfectly designed for storage of low temperature scientific experiments, plasma, tunny, biomaterial, and other biological products. This mini deep freezer can be applied to hospital, blood bank, university laboratories, electronic industries, research institutes, military industries, pelagic fishery companies, sanitation and anti-epidemic. With the microprocessor-based temperature controller, you are free to set the temperature range of -40℃~-86℃. The Upright type and Galvanized steel sheet（stainless steel optional） interior material helps it can be cleaned easily. This small ultra low temperature freezer provides you with secure alarm system with keyboard lock and password access." 
},
{    
   "id":"105",
   "name": "platelet incubator & agitator",    
   "category": "labEquipment",    
   "image": "media/products/remi-platelet-agitator.jpg",  
   "manufacturer":"Remi",
   "readMoreLink":"",  
   "downloadLink":"https://www.remilabworld.com/wp-content/uploads/2021/07/platelets-Incubator.pdf",
   "description": "Ultra range of REMI Platelet Incubator & Agitator are specially designed to meet the storage requirements of Platelet concentrate.<br>Microprocessor integrated system provides excellent temperature accuracy. 7 days chart recorder & audio visual alarm system helps to indicate disturbance in storage conditions.<br>In case of temperature controller failure, innovative “Clever-Chip” automatically takes control for continued operations." 
},
{    
   "id":"106",
   "name": "Plasma Expressor",    
   "category": "labEquipment",    
   "image": "media/products/PLASMA EXPRESSOR.jpg",  
   "manufacturer":"Remi",
   "readMoreLink":"",     
   "downloadLink":"https://www.remilabworld.com/wp-content/uploads/2021/07/Xpress-M.pdf",
   "description": "XPRESS-M is specially designed plasma expresser for separating out the blood components. The front panel of the XPRESS-M is loaded with high tension spring for quick transfer of plasma into other bag. XPRESS-M is ergonomically designed for long lasting trouble free operations" 
},
{    
   "id":"107",
   "name": "Laboratory centrifuges",    
   "category": "labEquipment",    
   "image": "media/products/laboratory-centrifuges.png",  
   "manufacturer":"Remi",
   "readMoreLink":"",   
   "downloadLink":"https://www.remilabworld.com/new/wp-content/uploads/2021/07/LABORATORY-CENTRIFUGE-plus.pdf",
   "description": "Laboratory Centrifuges model R-8C Plus & R-8M Plus are suitable for routine sample analysis in Medical, Hospital, Pathology and heads and adaptors, those units are truly versatile.<br>Micro Centrifuges models R-12C Plus are ideal for growing routine application in biochemical and clinical labs, for Hematocrit, Corpuscle Percentage contents in blood, Serum analysis and precipitate separation etc." 
},
{    
   "id":"108",
   "name": "ChemFAST Elite fumehood cupboard",    
   "category": "labEquipment",    
   "image": "media/products/chemfast-elite.jpg",  
   "manufacturer":"Safe fast",
   "readMoreLink":"",  
   "downloadLink":"https://www.faster-air.com/media/com_hikashop/upload/safe/faster_chemfast_depliant_2020_sing.pdf",
   "description": "ChemFAST Elite are equipped with a microprocessor based monitoring system for a range of data which includes type and code number of the filter being used, installation date, maximum time allowance for filter use and a warning date for its replacement." 
},

{    
   "id":"73",
   "name": "MTB Baby and Toddler Scale",    
   "category": "labEquipment",    
   "image": "media/products/MTB20-F.png",  
   "manufacturer":"Adam equipment",
   "readMoreLink":"",    
   "downloadLink":"https://www.adamequipment.com/media/docs/Print%20Publications/Data%20Sheets/Letter/English/Email-Web/MTB-DS-LT-EN.pdf",
   "description": "Versatile and portable, the MTB baby scale offers excellent value for pediatricians and other healthcare providers. With a capacity of 44lb/20kg, this scale boasts the ability to weigh both newborn infants and toddlers on the same instrument. The MTB features quick start-up and easy operation, so minimal training is needed." 
},
{    
   "id":"74",
   "name": "Highland® Portable Precision Balances",    
   "category": "labEquipment",    
   "image": "media/products/HCB-range.png",  
   "manufacturer":"Adam equipment",
   "readMoreLink":"",  
   "downloadLink":"https://www.adamequipment.com/media/docs/Print%20Publications/Data%20Sheets/Letter/English/Email-Web/HCB-Highland-DS-LT-EN.pdf",
   "description": "The Highland® portable precision balance offers advanced features in a compact, durable balance that stacks for easy storage. Featuring multiple weighing applications including parts counting, percent weighing and accumulation, the Highland provides fast, accurate weighing in a number of different environments – from science research in the laboratory or field, to manufacturing operations. Sturdy ABS construction allows the Highland to stand up to demanding lab use, while Highland’s ShockProtect® offers advanced overload protection to keep the balance safe. HandiCal® facilitates internal calibration without the need for external weights." 
},
{    
   "id":"75",
   "name": "Equinox Precision Balances",    
   "category": "labEquipment",    
   "image": "media/products/EPB1203i-R.png",  
   "manufacturer":"Adam equipment",
   "readMoreLink":"",  
   "downloadLink":"https://www.adamequipment.com/media/docs/Print%20Publications/Brochures/Letter/English/Equinox-Brochure-(8008)-Digital-EN.pdf",
   "description": "Equinox precision balances deliver remarkable precision to labs that perform highly detailed testing. The Equinox is ideal for research and quality assurance facilities; science education; precision counting; and production and manufacturing applications needing exceptionally precise results. Twelve precision models offer capacities from 360g to 8200g and readabilities of 1mg and 0.01g. A color touch screen display provides intuitive operation, with icon-driven menus and readily accessible applications and functions. The five-inch screen is generously sized, offering 800 X 480 pixel resolution for excellent visibility." 
},
{    
   "id":"76",
   "name": "Luna Analytical Balances",    
   "category": "labEquipment",    
   "image": "media/products/LAB84e-R.png",  
   "manufacturer":"Adam equipment",
   "readMoreLink":"",  
   "downloadLink":"https://www.adamequipment.com/media/docs/Print%20Publications/Data%20Sheets/Letter/English/Email-Web/LAB-Luna-DS-LT-EN.pdf",
   "description": "With stylish, modern backlighting, Luna's impressive display gives an aura of smart sophistication. The LCD features large, readily discernible 24mm digits in blue on a black background. Multilingual text and display capability make Luna well-suited for users in various regions. Luna provides USB and RS-232 interfaces for speedy data collection and transmission to computers or printers. ABS plastic construction and rugged grade 304 stainless steel pan mean Luna is easy to clean and can withstand demanding lab use. Available in four models with capacities up to 250g, Luna offers a readability of 0.0001g and can perform basic and detailed measuring tasks." 
},
{    
   "id":"77",
   "name": "Meling 4±1℃ Blood Bank Refrigerator XC-368L",    
   "category": "labEquipment",    
   "image": "media/products/XC-368L.png",  
   "manufacturer":"Remi scientific",
   "readMoreLink":"",   
   "downloadLink":"https://remi.com.my/Download/Product/378",
   "description": "Meling 4±1℃ Blood Bank Refrigerator XC-368L is a reliable blood storage refrigerator for safeguarding security of whole blood, blood plasmas, blood compartments and blood samples. The intelligent constant temperature control ensures the temperature control precision of ±1℃ inside the cabinet, which can perfectly promise the temperature uniformity. The blood storage refrigerator equipped with auto-defrost glass door ensures safe medical or lab material storage. What makes this blood refrigerator outstanding is that it meets or exceeds the AABB and CDC regulations for blood storage." 
},
{    
   "id":"78",
   "name": "CHEST CRYOGENIC FREEZER RACK MATCHING SOLUTION",    
   "category": "labEquipment",    
   "image": "media/products/CHEST-CRYOGENIC-FREEZER.png",  
   "manufacturer":"Remi scientific",
   "readMoreLink":"",  
   "downloadLink":"https://remi.com.my/Download/Product/372",
   "description": "-164℃ / 152℃ Cryogenic freezer choose stainless steel chest frozen layer rack, high strength PC frozen layer box, can withstand the temperature of -196℃~121℃; The new appearance design, the gap and line design of the box body, is conducive to the rapid cooling of samples and the rapid discharge of liquid, the transparent box cover design, and the clear digital mark on the box body, easy to observe and  find samples. " 
},
{    
   "id":"79",
   "name": "-86℃ VERTICAL ULT FREEZER RACK MATCHING SOLUTION",    
   "category": "labEquipment",    
   "image": "media/products/vertical-ult-freezer.png",  
   "manufacturer":"Remi scientific",
   "readMoreLink":"",    
   "downloadLink":"https://remi.com.my/Download/Product/370",
   "description": "Side-access freezer rack-Made of 304 stainless steel for durability and better appearance. No sharp edges to avoid risk of injury. Steel plate thickness: combination of 0.5 and 1 mm. Side-access design makes it convenient and economic.Sliding-drawer freezer rack-Made of 304 stainless steel for durability and better appearance. No sharp edges to avoid risk of injury. Steel plate thickness: combination of 0.6 and 1.2 mm. Suitable for common low temperature freezers and standard sized freezer boxes. " 
},
{    
   "id":"80",
   "name": "Laminar Airflow Cabinets",    
   "category": "labEquipment",    
   "image": "media/products/laminar-airflow.png",  
   "manufacturer":"Dasit Group",
   "readMoreLink":"",  
   "downloadLink":"",
   "description": "Vertical/horizontal laminar flow cabinets for guarantee and mantain excellent product protection.<br> Examples:<br>FLOWFAST V<br>SMARTFAST<br>SMARTFAST MINI<br>FLOWFAST H" 
},
{    
   "id":"81",
   "name": "CytoFAST Elite",    
   "category": "labEquipment",    
   "image": "media/products/cytofast-elite.png",  
   "manufacturer":"Dasit Group",
   "readMoreLink":"",   
   "downloadLink":"",
   "description": "CytoFAST Elite Cytotoxic Safety Cabinets belong to the latest generation of laminar airflow systems manufactured by Faster, in which the choice of materials of construction of the highest quality guarantees conformity to the strictest safety standards. <br>CytoFAST Elite are Cytotoxic Drug and Microbiological Safety Cabinets designed and built to performance requirements of the EN 12469:2000 and DIN 12980:2005-06 European Standards. They are triple HEPA filter technology cabinet, with 100% of the air filtered via the main H14 HEPA/ULPA filter directly below the work surface and then 70% of the air re-circulated via the recirculating H14 HEPA/ULPA filter within the cabinet, whilst the remaining 30% is discharged through an exhaust H14 HEPA/ULPA filter." 
},
{    
   "id":"82",
   "name": "CytoFAST Top",    
   "category": "labEquipment",    
   "image": "media/products/cytofast-top.png",  
   "manufacturer":"Dasit Group",
   "readMoreLink":"",   
   "downloadLink":"",
   "description": "CytoFAST Top Cytotoxic Safety Cabinets belong to the latest generation of laminar airflow systems manufactured by Faster, in which the choice of materials of construction of the highest quality guarantees conformity to the strictest safety standards.<br>CytoFAST Top are Cytotoxic Drug and Microbiological Safety Cabinets designed and built to performance requirements of the EN 12469:2000 and DIN 12980:2005-06 European Standards." 
},
{    
   "id":"83",
   "name": "GloveFAST Cyto",    
   "category": "labEquipment",    
   "image": "media/products/glovefast-cyto.png",  
   "manufacturer":"Dasit Group",
   "readMoreLink":"",  
   "downloadLink":"",
   "description": "GloveFAST Cyto are compact versions of cytotoxic isolators provided by Faster which represent a valid alternative for markets having limited space and limited budget. <br>They are available in 3 different sizes (1.2/1.5/1.8 mt width)." 
},

{    
   "id":"87",
   "name": "QIAstat-Dx",    
   "category": "syndromicTesting",    
   "image": "media/products/QIAstat-Dx.jpg",  
   "manufacturer":"Qiagen",
   "readMoreLink":"https://www.qiagen.com/us/products/diagnostics-and-clinical-research/infectious-disease/qiastat-dx-syndromic-testing/qiastat-dx-research",  
   "downloadLink":"https://www.qiagen.com/us/resources/download.aspx?id=ef57c1e0-5af7-4b5e-b38a-dfab20a23454&lang=en",
   "description": "The QIAstat-Dx Analyzer, combined with QIAstat-Dx assay cartridges, uses real-time PCR to detect pathogen nucleic acids in human biological samples.  The QIAstat-Dx Analyzer and cartridges are designed as a closed system that enables hands-off sample preparation followed by detection and identification of pathogen nucleic acids. Samples are inserted into a QIAstat-Dx cartridge, which contains all the reagents to isolate and amplify nucleic acids from the sample. Detected real-time amplification signals are interpreted by the integrated software and are reported via an intuitive user interface." 
},{    
   "id":"88",
   "name": "Rotor-Gene Q",    
   "category": "molecular",    
   "image": "media/products/rotor-gene-q.jpg",  
   "manufacturer":"Qiagen",
   "readMoreLink":"https://www.qiagen.com/us/products/discovery-and-translational-research/epigenetics/dna-methylation/methylation-specific-pcr/rotor-gene-q",  
   "downloadLink":"documents/Rotor-Gene-Q---Pure-Detection.pdf",
   "description": "QIAGEN's real-time PCR cycler, the Rotor-Gene Q, combines multiple optimized design features to provide the outstanding performance and reliable results that your research demands. Together with optimized QIAGEN kits for real-time PCR, the Rotor-Gene Q enables streamlined analysis for a wide range of applications. Q-Rex Software is operating and analysis software for life science qPCR applications. A choice of plug-ins lets you add new functionality without affecting established workflows." 
},

{    
   "id":"91",
   "name": "Micro tips",    
   "category": "labConsumables",    
   "image": "media/products/tarsons-microtips.png",  
   "manufacturer":"Tarsons",
   "readMoreLink":"https://tarsons.com/product/micro-tips/",  
   "downloadLink":"",
   "description": "Material:Medical grade polypropylene autoclavable, free of lubricants, dyes and heavy metals.Certified DNase, RNase, Human DNA and PCR inhibitor free. Sterile Tips are Pyrogen Free." 
},
{    
   "id":"201",
   "name": "iso-PROPYL Alcohol 99.5% AR",    
   "category": "chemicals",    
   "image": "media/products/isopropyl-alcohol.png",  
   "manufacturer":"Lobachemie",
   "readMoreLink":"https://www.lobachemie.com/High-Purity-Solvents-00271/isoPROPYL-ALCOHOL-CASNO-67-63-0.aspx?search=isopropyl%20alcohol",  
   "downloadLink":"https://www.lobachemie.com/lab-chemical-msds/MSDS-isoPROPYL-ALCOHOL-CASNO-67-63-00271-EN.aspx",
   "description": "LobaChemie Isopropyl Alcohol is a chemical solvent with the chemical formula C<sub>3</sub>H<sub>8</sub>O. It is also known as 2-propanol, isopropanol, or IPA. It is a clear, colorless liquid with a strong odor, similar to that of rubbing alcohol." 
},
{    
   "id":"200",
   "name": "Xylene AR",    
   "category": "chemicals",    
   "image": "media/products/xylene.png",  
   "manufacturer":"Lobachemie",
   "readMoreLink":"https://www.lobachemie.com/High-Purity-Solvents-00371/xylene-CASNO-1330-20-7.aspx?search=xylene",  
   "downloadLink":"https://www.lobachemie.com/lab-chemical-msds/MSDS-xylene-CASNO-1330-20-00371-EN.aspx",
   "description": "LobaChemie Xylene AR is a colorless, highly flammable liquid with a sweet odor. It has a high purity level, low water content, and low impurities, making it suitable for a wide range of laboratory applications, including histology, microscopy, and tissue processing. It is also commonly used as a solvent for various chemical reactions, as well as in the production of resins, varnishes, and paints." 
},
{    
   "id":"204",
   "name": "Acetone",    
   "category": "chemicals",    
   "image": "media/products/acetone.png",  
   "manufacturer":"Lobachemie",
   "readMoreLink":"https://www.lobachemie.com/Gas-Chromatography-GC-Solvents-0013A/ACETONE-CASNO-67-64-1.aspx?search=acetone",  
   "downloadLink":"https://www.lobachemie.com/lab-chemical-msds/MSDS-ACETONE-CASNO-67-64-0013A-EN.aspx",
   "description": "LobaChemie Acetone is a high-purity analytical reagent grade solvent with a low water content and low impurities. It is suitable for use in various laboratory applications, including chemical reactions, extractions, and cleaning of laboratory equipment. It is also used in the production of various chemicals, such as methyl methacrylate, bisphenol A, and methyl isobutyl ketone." 
},
{    
   "id":"205",
   "name": "Fuchsin Basic 85% dye Content",    
   "category": "chemicals",    
   "image": "media/products/fuchsin.png",  
   "manufacturer":"Lobachemie",
   "readMoreLink":"https://www.lobachemie.com/Biological-Stains-for-Microscopy-03886/FUCHSIN-BASIC-CASNO-632-99-5.aspx?search=fuchsin",  
   "downloadLink":"https://www.lobachemie.com/lab-chemical-msds/MSDS-FUCHSIN-BASIC-CASNO-632-99-03886-EN.aspx",
   "description": "It is used for acid-fast staining with carbol-fuchsin, as ENDO medium" 
},
{    
   "id":"206",
   "name": "sodium arsenite",    
   "category": "chemicals",    
   "image": "media/products/sodium-arsenite.png",  
   "manufacturer":"Oxford Lab Fine Chemicals",
   "readMoreLink":"https://www.oxfordlabchem.com/product-details.php?id=2493&name=SODIUM-ARSENITE-Anhydrous-98-5-AR",  
   "downloadLink":"https://www.oxfordlabchem.com/msds/(S-07966)%20SODIUM%20ARSENITE%20Anhydrous%20%20AR.pdf",
   "description": "Sodium arsenite anhydrous 98.5% AR is a chemical compound supplied by Oxford Lab Chem. It is a highly pure analytical reagent grade of sodium arsenite, which is a white, odorless, and crystalline powder." 
},
{    
   "id":"207",
   "name": "glycerine",    
   "category": "chemicals",    
   "image": "media/products/glycerine.png",  
   "manufacturer":"Oxford Lab Fine Chemicals",
   "readMoreLink":"https://www.oxfordlabchem.com/product-details.php?id=1286&name=GLYCERINE-98-Extra-pure",  
   "downloadLink":"https://www.oxfordlabchem.com/msds/(G-04415)%20GLYCERINE%20Purified%2098%20(Glycerol).pdf",
   "description": "Glycerine 98% Extra Pure is a highly pure analytical reagent grade with a purity of 98%, low water content, and low impurities. It is commonly used as a solvent, a humectant in cosmetics and personal care products, and in the food industry as a sweetener and preservative." 
},
{    
   "id":"208",
   "name": "sodiumhyrdoxide pellets",    
   "category": "chemicals",    
   "image": "media/products/sodium-hyrdoxide-pellets.png",  
   "manufacturer":"Oxford Lab Fine Chemicals",
   "readMoreLink":"https://www.oxfordlabchem.com/msds/(S-08140)%20SODIUM%20HYDROXIDE%20PELLETS%2098%20Extra%20Pure.pdf",  
   "downloadLink":"https://www.oxfordlabchem.com/product-details.php?id=2556&name=SODIUM-HYDROXIDE-PELLETS-98-Extra-Pure",
   "description": "Sodium hydroxide pellets 98% extra pure is a chemical compound supplied by Oxford Lab Chem. It is a highly pure analytical reagent grade of sodium hydroxide, which is a white solid in the form of pellets." 
},
{    
   "id":"209",
   "name": "leishman stain",    
   "category": "chemicals",    
   "image": "media/products/leishman-stain.png",  
   "manufacturer":"Oxford Lab Fine Chemicals",
   "readMoreLink":"https://www.oxfordlabchem.com/product-details.php?id=1532&name=LEISHMAN-S-STAIN-For-Microscopy",  
   "downloadLink":"https://www.oxfordlabchem.com/msds/LEISHMANS-STAIN-MSDS.pdf",
   "description": "Leishman's stain is a combination of eosin and methylene blue dyes, which selectively stain different components of the cells, allowing for the identification and differentiation of various blood cells, including red blood cells, white blood cells, and platelets." 
},
{    
   "id":"210",
   "name": "OIL OF IMMERSION Extra Pure",    
   "category": "chemicals",    
   "image": "media/products/immersion-oil.png",  
   "manufacturer":"Oxford Lab Fine Chemicals",
   "readMoreLink":"https://www.oxfordlabchem.com/msds/(O-06483-116)%20OIL%20OF%20IMMERSION%20Extra%20Pure.pdf",  
   "downloadLink":"https://www.oxfordlabchem.com/msds/(O-06483-116)%20OIL%20OF%20IMMERSION%20Extra%20Pure.pdf",
   "description": "Oil of immersion extra pure is commonly used in light microscopy to improve the resolution and clarity of images by reducing the amount of light that is scattered. It is applied to the specimen slide and the objective lens of the microscope to create a high-refractive-index medium that enhances the resolution of the image." 
},
{    
   "id":"211",
   "name": "Neutral red indicator solution",    
   "category": "chemicals",    
   "image": "media/products/neutral-red.png",  
   "manufacturer":"Oxford Lab Fine Chemicals",
   "readMoreLink":"https://www.oxfordlabchem.com/product-details.php?id=1807&name=NEUTRAL-RED-INDICATOR-SOLUTION",  
   "downloadLink":"https://www.oxfordlabchem.com/msds/(N-06182)%20NEUTRAL%20RED%20INDICATOR%20SOLUTION.pdf",
   "description": "Neutral red indicator solution changes color depending on the acidity or basicity of the solution it is added to. It is used in various biochemical and microbiological tests to determine the pH levels of a solution or to detect the presence of certain types of bacteria." 
},
{    
   "id":"212",
   "name": "Sodium phosphate Dibasic",    
   "category": "chemicals",    
   "image": "media/products/Sodium-phosphate-dibasic.png",  
   "manufacturer":"Oxford Lab Fine Chemicals",
   "readMoreLink":"https://www.oxfordlabchem.com/product-details.php?id=2608&name=SODIUM-PHOSPHATE-DIBASIC-Anhydrous-98",  
   "downloadLink":"https://www.oxfordlabchem.com/msds/(S-08255)SODIUM%20PHOSPHATE%20DIBASIC%20(Anhydrous)%2098.pdf",
   "description": "Sodium phosphate dibasic anhydrous 98% is a chemical compound supplied by Oxford Lab Chem. It is a highly pure analytical reagent grade of sodium phosphate dibasic, which is a white crystalline powder." 
},
{    
   "id":"213",
   "name": "sodium chloride",    
   "category": "chemicals",    
   "image": "media/products/sodium-chloride.png",  
   "manufacturer":"Oxford Lab Fine Chemicals",
   "readMoreLink":"https://www.oxfordlabchem.com/product-details.php?id=2526&name=SODIUM-CHLORIDE-99-5-AR",  
   "downloadLink":"https://www.oxfordlabchem.com/msds/(S-08037-100%20)SODIUM%20CHLORIDE%20AR.pdf",
   "description": "Sodium chloride 99.5% AR is a chemical compound supplied by Oxford Lab Chem. It is a high-quality analytical reagent grade of sodium chloride, which is a white crystalline salt. " 
},
{    
   "id":"",
   "name": "",    
   "category": "",    
   "image": "media/products/",  
   "manufacturer":"",
   "readMoreLink":"",  
   "downloadLink":"",
   "description": "" 
},
{    
   "id":"",
   "name": "",    
   "category": "",    
   "image": "media/products/",  
   "manufacturer":"",
   "readMoreLink":"",  
   "downloadLink":"",
   "description": "" 
},
{    
   "id":"",
   "name": "",    
   "category": "",    
   "image": "media/products/",  
   "manufacturer":"",
   "readMoreLink":"",  
   "downloadLink":"",
   "description": "" 
},
{    
   "id":"",
   "name": "",    
   "category": "",    
   "image": "media/products/",  
   "manufacturer":"",
   "readMoreLink":"",  
   "downloadLink":"",
   "description": "" 
},
{    
   "id":"",
   "name": "",    
   "category": "",    
   "image": "media/products/",  
   "manufacturer":"",
   "readMoreLink":"",  
   "downloadLink":"",
   "description": "" 
},
{    
   "id":"",
   "name": "",    
   "category": "",    
   "image": "media/products/",  
   "manufacturer":"",
   "readMoreLink":"",  
   "downloadLink":"",
   "description": "" 
},
{    
   "id":"",
   "name": "",    
   "category": "",    
   "image": "media/products/",  
   "manufacturer":"",
   "readMoreLink":"",  
   "downloadLink":"",
   "description": "" 
},
{    
   "id":"",
   "name": "",    
   "category": "",    
   "image": "media/products/",  
   "manufacturer":"",
   "readMoreLink":"",  
   "downloadLink":"",
   "description": "" 
}
]
